frame,latencia_ms,num_deteccoes,confianca_media
0,32.26,2,0.709
1,21.48,2,0.620
2,19.75,2,0.718
3,22.97,2,0.654
4,19.89,2,0.684
5,20.21,2,0.734
6,19.97,2,0.725
7,20.13,2,0.739
8,20.33,1,0.427
9,20.25,2,0.326
10,20.32,2,0.520
11,19.81,1,0.254
12,20.18,1,0.412
13,20.31,2,0.407
14,20.44,2,0.289
15,20.67,0,0.000
16,19.57,0,0.000
17,20.01,0,0.000
18,20.51,0,0.000
19,19.97,1,0.319
20,22.67,1,0.296
21,20.45,1,0.578
22,23.17,3,0.451
23,20.80,2,0.704
24,19.82,2,0.704
25,22.33,2,0.714
26,20.22,2,0.501
27,20.29,2,0.530
28,20.47,1,0.833
29,20.87,2,0.570
30,20.61,1,0.524
31,20.60,1,0.441
32,23.19,1,0.433
33,19.79,1,0.452
34,20.64,1,0.357
35,21.31,2,0.402
36,21.83,2,0.332
37,19.81,1,0.291
38,23.23,1,0.397
39,21.14,2,0.304
40,21.34,2,0.319
41,20.45,4,0.373
42,18.95,3,0.522
43,20.07,3,0.597
44,19.86,3,0.573
45,21.09,3,0.592
46,20.37,3,0.586
47,22.49,4,0.572
48,22.45,6,0.503
49,22.43,4,0.596
50,22.92,6,0.519
51,20.62,7,0.502
52,20.10,5,0.547
53,20.29,6,0.522
54,22.45,7,0.536
55,19.93,7,0.541
56,21.07,7,0.529
57,19.72,5,0.562
58,20.23,7,0.532
59,20.44,6,0.498
60,20.56,7,0.515
61,22.79,7,0.520
62,20.42,6,0.539
63,20.24,5,0.599
64,20.19,6,0.597
65,22.58,6,0.593
66,19.73,5,0.637
67,20.01,6,0.585
68,19.98,6,0.571
69,20.81,6,0.686
70,20.59,6,0.675
71,19.93,6,0.612
72,20.39,5,0.683
73,22.95,4,0.647
74,22.43,6,0.572
75,19.77,6,0.669
76,23.75,6,0.668
77,20.30,7,0.622
78,20.05,6,0.597
79,21.22,6,0.597
80,20.12,4,0.629
81,21.98,6,0.548
82,20.36,6,0.510
83,20.10,4,0.549
84,20.10,4,0.573
85,20.13,4,0.558
86,20.37,5,0.470
87,20.83,5,0.493
88,21.25,3,0.653
89,20.51,4,0.626
90,20.66,4,0.539
91,20.70,3,0.693
92,21.30,4,0.556
93,22.21,4,0.551
94,20.51,6,0.485
95,19.90,6,0.497
96,20.51,5,0.583
97,20.09,4,0.716
98,19.81,6,0.569
99,22.73,4,0.696
100,22.41,5,0.580
101,20.22,5,0.619
102,22.92,6,0.533
103,20.08,5,0.615
104,20.46,6,0.565
105,20.18,6,0.618
106,20.68,6,0.586
107,21.69,6,0.637
108,23.05,5,0.630
109,21.19,9,0.507
110,20.34,7,0.617
111,21.42,7,0.606
112,19.80,7,0.646
113,20.10,6,0.617
114,23.29,7,0.583
115,23.15,7,0.547
116,22.42,4,0.621
117,22.80,6,0.588
118,20.90,4,0.648
119,20.21,3,0.741
120,19.96,6,0.530
121,20.14,4,0.639
122,19.94,3,0.760
123,21.26,4,0.627
124,22.70,4,0.626
125,22.63,4,0.656
126,20.14,4,0.579
127,20.44,3,0.632
128,20.19,3,0.586
129,22.51,3,0.544
130,22.61,4,0.414
131,22.44,2,0.451
132,22.57,2,0.470
133,22.18,2,0.668
134,19.76,2,0.536
135,20.46,2,0.496
136,20.45,2,0.435
137,21.50,2,0.458
138,19.78,2,0.402
139,20.40,1,0.743
140,22.96,3,0.349
141,22.77,3,0.386
142,22.96,1,0.729
143,20.23,1,0.532
144,20.42,1,0.571
145,20.44,1,0.761
146,22.49,1,0.817
147,22.73,1,0.819
148,20.02,2,0.545
149,20.39,2,0.514
150,20.83,2,0.456
151,20.59,1,0.289
152,20.92,0,0.000
153,19.96,1,0.331
154,19.95,1,0.367
155,25.36,2,0.288
156,19.75,1,0.361
157,23.51,2,0.346
158,20.51,2,0.319
159,20.29,2,0.348
160,23.26,1,0.346
161,20.62,2,0.443
162,20.74,2,0.515
163,20.39,2,0.607
164,20.30,2,0.533
165,20.29,2,0.508
166,24.03,1,0.711
167,21.07,2,0.451
168,19.99,1,0.584
169,20.40,1,0.797
170,20.64,1,0.777
171,21.21,3,0.426
172,20.51,2,0.548
173,19.81,3,0.729
174,20.73,3,0.626
175,19.90,3,0.566
176,20.47,2,0.630
177,22.77,3,0.647
178,22.96,2,0.509
179,20.12,4,0.439
180,20.65,2,0.689
181,20.71,2,0.548
182,20.52,3,0.550
183,20.42,3,0.575
184,19.85,3,0.495
185,20.82,2,0.678
186,20.36,3,0.486
187,20.32,1,0.826
188,20.89,2,0.583
189,20.29,1,0.775
190,20.01,1,0.773
191,20.39,2,0.551
192,20.04,2,0.569
193,20.41,1,0.799
194,20.26,1,0.590
195,19.95,2,0.528
196,22.61,1,0.691
197,19.70,2,0.466
198,20.80,3,0.527
199,22.21,3,0.505
200,20.33,3,0.564
201,20.65,2,0.731
202,22.90,3,0.668
203,19.92,5,0.517
204,21.00,3,0.723
205,22.63,3,0.606
206,22.14,5,0.504
207,22.42,3,0.631
208,19.83,3,0.571
209,19.91,2,0.694
210,19.88,4,0.551
211,19.99,5,0.505
212,20.12,4,0.624
213,24.54,3,0.612
214,20.24,2,0.681
215,19.23,4,0.596
216,22.23,4,0.556
217,20.26,3,0.610
218,22.80,4,0.569
219,19.96,4,0.628
220,20.37,4,0.702
221,20.33,4,0.695
222,22.43,4,0.715
223,19.74,3,0.772
224,20.64,4,0.753
225,19.96,4,0.674
226,19.83,4,0.679
227,20.58,3,0.799
228,22.76,3,0.791
229,22.50,3,0.790
230,18.88,3,0.798
231,22.24,3,0.803
232,19.55,3,0.742
233,19.48,3,0.751
234,19.96,4,0.534
235,20.03,4,0.516
236,19.70,3,0.629
237,22.86,2,0.793
238,20.34,3,0.688
239,23.29,2,0.817
240,22.38,3,0.622
241,20.14,3,0.599
242,19.91,4,0.594
243,20.05,4,0.576
244,22.34,4,0.508
245,22.69,2,0.773
246,22.74,2,0.802
247,23.03,2,0.808
248,23.17,3,0.591
249,19.96,2,0.735
250,20.00,2,0.736
251,20.49,2,0.751
252,20.55,2,0.669
253,20.52,2,0.660
254,20.35,2,0.674
255,21.51,5,0.514
256,20.31,5,0.418
257,23.33,2,0.705
258,20.41,2,0.652
259,22.39,2,0.508
260,22.58,4,0.492
261,22.81,3,0.542
262,22.63,4,0.470
263,20.71,6,0.328
264,22.58,4,0.414
265,22.55,5,0.397
266,20.75,4,0.504
267,20.61,5,0.450
268,20.50,4,0.425
269,20.31,4,0.443
270,20.75,5,0.453
271,20.35,5,0.461
272,22.55,2,0.566
273,20.09,5,0.483
274,20.22,4,0.524
275,23.03,5,0.520
276,22.61,4,0.543
277,20.32,5,0.536
278,20.57,3,0.556
279,20.40,4,0.543
280,19.73,2,0.780
281,20.21,3,0.606
282,20.67,4,0.557
283,23.20,4,0.569
284,22.31,5,0.596
285,20.28,5,0.593
286,19.75,4,0.654
287,22.77,6,0.522
288,20.27,3,0.620
289,22.50,4,0.539
290,19.91,5,0.480
291,20.23,5,0.455
292,22.67,3,0.512
293,20.81,3,0.479
294,19.85,3,0.505
295,20.14,2,0.582
296,20.14,2,0.518
297,20.61,2,0.566
298,22.34,2,0.624
299,22.35,2,0.536
300,23.65,1,0.754
301,19.99,1,0.823
302,20.58,1,0.804
303,20.43,2,0.509
304,22.85,2,0.762
305,20.38,3,0.605
306,20.72,3,0.536
307,20.34,2,0.769
308,19.89,2,0.599
309,20.24,2,0.581
310,19.99,2,0.585
311,22.53,3,0.507
312,20.32,3,0.558
313,20.19,3,0.589
314,23.20,3,0.558
315,22.72,3,0.574
316,22.40,2,0.635
317,20.45,3,0.586
318,20.52,3,0.639
319,20.47,3,0.633
320,20.22,3,0.610
321,23.67,3,0.634
322,22.10,3,0.558
323,19.75,2,0.738
324,22.37,2,0.566
325,22.65,2,0.605
326,20.35,3,0.541
327,20.35,3,0.642
328,21.65,2,0.763
329,22.15,2,0.838
330,19.91,2,0.882
331,20.78,2,0.873
332,20.00,4,0.567
333,21.93,3,0.698
334,19.93,2,0.670
335,20.52,2,0.616
336,20.30,2,0.619
337,23.04,2,0.729
338,20.77,4,0.572
339,20.07,5,0.491
340,22.49,4,0.592
341,20.67,4,0.627
342,22.98,4,0.591
343,20.22,4,0.677
344,20.21,4,0.737
345,24.88,5,0.618
346,19.67,5,0.651
347,20.23,4,0.573
348,19.93,3,0.681
349,22.89,3,0.656
350,20.19,2,0.837
351,21.34,2,0.831
352,22.53,2,0.885
353,23.47,3,0.701
354,22.77,2,0.852
355,20.26,2,0.867
356,19.79,2,0.883
357,20.43,2,0.847
358,23.12,3,0.662
359,20.41,4,0.608
360,20.89,3,0.562
361,20.14,2,0.588
362,20.61,3,0.550
363,20.56,2,0.617
364,21.03,1,0.870
365,20.71,1,0.838
366,20.53,1,0.614
367,22.63,2,0.374
368,22.78,2,0.295
369,20.26,2,0.409
370,20.40,3,0.360
371,21.99,3,0.479
372,20.76,4,0.469
373,21.71,3,0.544
374,20.75,1,0.786
375,25.87,1,0.859
376,23.85,2,0.593
377,20.59,1,0.886
378,20.47,1,0.885
379,20.67,2,0.574
380,20.15,1,0.898
381,20.74,1,0.902
382,20.84,1,0.896
383,20.69,2,0.593
384,20.21,2,0.626
385,20.74,2,0.579
386,20.66,1,0.876
387,20.34,1,0.892
388,22.20,1,0.894
389,20.77,1,0.897
390,22.34,1,0.890
391,21.95,1,0.896
392,18.84,1,0.896
393,19.25,1,0.888
394,20.31,1,0.879
395,19.62,2,0.591
396,22.29,1,0.902
397,20.35,1,0.902
398,22.00,2,0.582
399,19.17,2,0.572
